序号,标题,链接,作者,播放量,弹幕数
1,“超微距”下的瑞士长什么样？,https://www.bilibili.com/video/BV1vkVB6NEuR,影视飓风,120.4万,4516
1,科比的哲学启示录第十四期,https://www.bilibili.com/video/BV1mhV26yETL,蟹不肉丨,194.1万,500
1,今天把我关于《丧尸清道夫》的创作思路分享给大家，如果能帮到你，我会很开心。,https://www.bilibili.com/video/BV1xuVC6AEbg,Mx-Shell,57.3万,460
1,"从""健身芭比""到""女企业家""，帕梅拉有多会""赚""？",https://www.bilibili.com/video/BV1f3VU6KEqy,小Lin说,77.2万,858
1,《你来真的啊》,https://www.bilibili.com/video/BV16BVy6wEfx,伤心欲茄222,174.5万,857
1,当父母说出了正确答案：,https://www.bilibili.com/video/BV16kV26TES7,进击的金厂长,43.1万,372
1,欢迎来到304班娃娃店,https://www.bilibili.com/video/BV1BqVS6MEL8,蟹上皇呀,106.9万,439
1,兄弟们！今天给良子做一个入营测试，这身体身体素质，跟我想的不太一样啊!,https://www.bilibili.com/video/BV1ogV26FEhB,健身华哥,128.4万,2960
1,懒人邪修烧烤海鲜局，馋哭了！！,https://www.bilibili.com/video/BV1rdVR68EU2,上班族的便当,66.8万,223
1,我的世界杯主题曲！IShowSpeed - World Cup (Champions),https://www.bilibili.com/video/BV1jwV663EjR,ishowspeedsui,268.5万,1621
1,理财PK两个月，6位UP主已经彻底疯狂...【理财王5月战绩汇报】,https://www.bilibili.com/video/BV1WgVC6YERr,-LKs-,99.4万,3142
1,当你看到这条视频的时候我相信你成为我的粉丝不远了,https://www.bilibili.com/video/BV1Ak5F61ECk,刮蜡皮小能手,117.7万,593
1,不儿，你俩来真的啊？！,https://www.bilibili.com/video/BV1RvVo6QEqo,主持人yoyo酱,270万,1万
1,下 一 个 抓 谁 ！！！,https://www.bilibili.com/video/BV1MG7961Efg,啊吗粽,57万,3198
1,一顿饭只要三块钱，客人吃着吃着，人就“没了”,https://www.bilibili.com/video/BV15wVB6YECT,瞎通不设计了,134.3万,1607
1,绝望中没有等来牢玩家，但等到了大运诸葛亮,https://www.bilibili.com/video/BV1CS7R6uEar,磊哥游戏,16.1万,207
1,【IGN】《战神：劳菲（God of War Laufey）》深度玩法演示 |  State of Play,https://www.bilibili.com/video/BV1CYVy6vETT,IGN中国,116.2万,1.1万
1,带良子和花胖在华哥训练营偷吃，闷子、板面、大肠都安排上,https://www.bilibili.com/video/BV17pVC6WECy,俞涛不光会做九转大肠,81万,517
1,《原神》洛恩角色PV——「标准化考核」,https://www.bilibili.com/video/BV1oqVB6BECd,原神,106万,5057
1,金库测金，海峡测雷，万税爷进军测评赛道？,https://www.bilibili.com/video/BV1NoVm62EFd,麻薯波比呀,74万,1780
21,“超微距”下的瑞士长什么样？,https://www.bilibili.com/video/BV1vkVB6NEuR,影视飓风,120.4万,4516
21,科比的哲学启示录第十四期,https://www.bilibili.com/video/BV1mhV26yETL,蟹不肉丨,194.1万,500
21,今天把我关于《丧尸清道夫》的创作思路分享给大家，如果能帮到你，我会很开心。,https://www.bilibili.com/video/BV1xuVC6AEbg,Mx-Shell,57.3万,460
21,"从""健身芭比""到""女企业家""，帕梅拉有多会""赚""？",https://www.bilibili.com/video/BV1f3VU6KEqy,小Lin说,77.2万,858
21,《你来真的啊》,https://www.bilibili.com/video/BV16BVy6wEfx,伤心欲茄222,174.5万,857
21,当父母说出了正确答案：,https://www.bilibili.com/video/BV16kV26TES7,进击的金厂长,43.1万,372
21,欢迎来到304班娃娃店,https://www.bilibili.com/video/BV1BqVS6MEL8,蟹上皇呀,106.9万,439
21,兄弟们！今天给良子做一个入营测试，这身体身体素质，跟我想的不太一样啊!,https://www.bilibili.com/video/BV1ogV26FEhB,健身华哥,128.4万,2960
21,懒人邪修烧烤海鲜局，馋哭了！！,https://www.bilibili.com/video/BV1rdVR68EU2,上班族的便当,66.8万,223
21,我的世界杯主题曲！IShowSpeed - World Cup (Champions),https://www.bilibili.com/video/BV1jwV663EjR,ishowspeedsui,268.5万,1621
21,理财PK两个月，6位UP主已经彻底疯狂...【理财王5月战绩汇报】,https://www.bilibili.com/video/BV1WgVC6YERr,-LKs-,99.4万,3142
21,当你看到这条视频的时候我相信你成为我的粉丝不远了,https://www.bilibili.com/video/BV1Ak5F61ECk,刮蜡皮小能手,117.7万,593
21,不儿，你俩来真的啊？！,https://www.bilibili.com/video/BV1RvVo6QEqo,主持人yoyo酱,270万,1万
21,下 一 个 抓 谁 ！！！,https://www.bilibili.com/video/BV1MG7961Efg,啊吗粽,57万,3198
21,一顿饭只要三块钱，客人吃着吃着，人就“没了”,https://www.bilibili.com/video/BV15wVB6YECT,瞎通不设计了,134.3万,1607
21,绝望中没有等来牢玩家，但等到了大运诸葛亮,https://www.bilibili.com/video/BV1CS7R6uEar,磊哥游戏,16.1万,207
21,【IGN】《战神：劳菲（God of War Laufey）》深度玩法演示 |  State of Play,https://www.bilibili.com/video/BV1CYVy6vETT,IGN中国,116.2万,1.1万
21,带良子和花胖在华哥训练营偷吃，闷子、板面、大肠都安排上,https://www.bilibili.com/video/BV17pVC6WECy,俞涛不光会做九转大肠,81万,517
21,《原神》洛恩角色PV——「标准化考核」,https://www.bilibili.com/video/BV1oqVB6BECd,原神,106万,5057
21,金库测金，海峡测雷，万税爷进军测评赛道？,https://www.bilibili.com/video/BV1NoVm62EFd,麻薯波比呀,74万,1780
21,回忆永远都是加分项,https://www.bilibili.com/video/BV1QzVR63E3L,央视新闻,280.3万,2.1万
21,不儿，你俩来真的啊？！,https://www.bilibili.com/video/BV1RvVo6QEqo,主持人yoyo酱,270万,1万
21,下 一 个 抓 谁 ！！！,https://www.bilibili.com/video/BV1MG7961Efg,啊吗粽,57万,3198
21,"""这一刻，他简直正的发邪""",https://www.bilibili.com/video/BV1dFV66rEwZ,wrizedm,64.3万,215
21,初代跑男团战力排行,https://www.bilibili.com/video/BV1cmVz6DEmi,东方日出哇,116.7万,2661
21,⚡️疯 狂 的 学 妹⚡️,https://www.bilibili.com/video/BV1DWV26JERe,兔总裁s,45万,527
21,"从""健身芭比""到""女企业家""，帕梅拉有多会""赚""？",https://www.bilibili.com/video/BV1f3VU6KEqy,小Lin说,77.2万,858
21,一辈子一定要体验一次的游戏，绝对不能被剧透的神作,https://www.bilibili.com/video/BV1F9Vz62ExS,易铭小疯子,57.7万,2811
21,东北下岗三十年后，我看见了普通人的生活,https://www.bilibili.com/video/BV1iQV26cEfX,十七岁歌手想打中单,25.7万,1283
21,今天把我关于《丧尸清道夫》的创作思路分享给大家，如果能帮到你，我会很开心。,https://www.bilibili.com/video/BV1xuVC6AEbg,Mx-Shell,57.3万,460
21,你到底娶不娶我…,https://www.bilibili.com/video/BV1LLVU6eE1t,ENX叉叉酱,19.5万,290
21,我的世界杯主题曲！IShowSpeed - World Cup (Champions),https://www.bilibili.com/video/BV1jwV663EjR,ishowspeedsui,268.5万,1621
21,Oi，今天跟老舅争锋相对！！,https://www.bilibili.com/video/BV1DyVm6REs8,花小龙oy,41.9万,388
21,“本就注定等不到吗...”,https://www.bilibili.com/video/BV1JjVr6SEpu,是DollDoll,27.1万,102
21,做了一把千机伞，能变十三个形态的那种｜最强的武器一定是自制的,https://www.bilibili.com/video/BV11BVU6mEUe,o小庄o,275万,1259
21,【36氪】为什么北京上海能管好电鸡，广东深圳却管不能？,https://www.bilibili.com/video/BV1efV26xEhf,36氪,21.8万,804
21,陶勇：做近视手术，其实是“掩耳盗铃”,https://www.bilibili.com/video/BV1ZTV26cEeq,北京青年x壹次访谈录,12.2万,99
21,“超微距”下的瑞士长什么样？,https://www.bilibili.com/video/BV1vkVB6NEuR,影视飓风,120.4万,4516
21,【低成本在家实现牛排自由‼️ 】,https://www.bilibili.com/video/BV1gzVC6kE1S,村驴,51.1万,335
21,阳寿伏妖  青州篇【一口气看完八小时合集】,https://www.bilibili.com/video/BV1uAVo6yE5n,七夜不起夜z,55.2万,6675
61,“超微距”下的瑞士长什么样？,https://www.bilibili.com/video/BV1vkVB6NEuR,影视飓风,120.4万,4516
61,科比的哲学启示录第十四期,https://www.bilibili.com/video/BV1mhV26yETL,蟹不肉丨,194.1万,500
61,今天把我关于《丧尸清道夫》的创作思路分享给大家，如果能帮到你，我会很开心。,https://www.bilibili.com/video/BV1xuVC6AEbg,Mx-Shell,57.3万,460
61,"从""健身芭比""到""女企业家""，帕梅拉有多会""赚""？",https://www.bilibili.com/video/BV1f3VU6KEqy,小Lin说,77.2万,858
61,《你来真的啊》,https://www.bilibili.com/video/BV16BVy6wEfx,伤心欲茄222,174.5万,857
61,当父母说出了正确答案：,https://www.bilibili.com/video/BV16kV26TES7,进击的金厂长,43.1万,372
61,欢迎来到304班娃娃店,https://www.bilibili.com/video/BV1BqVS6MEL8,蟹上皇呀,106.9万,439
61,兄弟们！今天给良子做一个入营测试，这身体身体素质，跟我想的不太一样啊!,https://www.bilibili.com/video/BV1ogV26FEhB,健身华哥,128.4万,2960
61,懒人邪修烧烤海鲜局，馋哭了！！,https://www.bilibili.com/video/BV1rdVR68EU2,上班族的便当,66.8万,223
61,我的世界杯主题曲！IShowSpeed - World Cup (Champions),https://www.bilibili.com/video/BV1jwV663EjR,ishowspeedsui,268.5万,1621
61,理财PK两个月，6位UP主已经彻底疯狂...【理财王5月战绩汇报】,https://www.bilibili.com/video/BV1WgVC6YERr,-LKs-,99.4万,3142
61,当你看到这条视频的时候我相信你成为我的粉丝不远了,https://www.bilibili.com/video/BV1Ak5F61ECk,刮蜡皮小能手,117.7万,593
61,不儿，你俩来真的啊？！,https://www.bilibili.com/video/BV1RvVo6QEqo,主持人yoyo酱,270万,1万
61,下 一 个 抓 谁 ！！！,https://www.bilibili.com/video/BV1MG7961Efg,啊吗粽,57万,3198
61,一顿饭只要三块钱，客人吃着吃着，人就“没了”,https://www.bilibili.com/video/BV15wVB6YECT,瞎通不设计了,134.3万,1607
61,绝望中没有等来牢玩家，但等到了大运诸葛亮,https://www.bilibili.com/video/BV1CS7R6uEar,磊哥游戏,16.1万,207
61,【IGN】《战神：劳菲（God of War Laufey）》深度玩法演示 |  State of Play,https://www.bilibili.com/video/BV1CYVy6vETT,IGN中国,116.2万,1.1万
61,带良子和花胖在华哥训练营偷吃，闷子、板面、大肠都安排上,https://www.bilibili.com/video/BV17pVC6WECy,俞涛不光会做九转大肠,81万,517
61,《原神》洛恩角色PV——「标准化考核」,https://www.bilibili.com/video/BV1oqVB6BECd,原神,106万,5057
61,金库测金，海峡测雷，万税爷进军测评赛道？,https://www.bilibili.com/video/BV1NoVm62EFd,麻薯波比呀,74万,1780
61,回忆永远都是加分项,https://www.bilibili.com/video/BV1QzVR63E3L,央视新闻,280.3万,2.1万
61,不儿，你俩来真的啊？！,https://www.bilibili.com/video/BV1RvVo6QEqo,主持人yoyo酱,270万,1万
61,下 一 个 抓 谁 ！！！,https://www.bilibili.com/video/BV1MG7961Efg,啊吗粽,57万,3198
61,"""这一刻，他简直正的发邪""",https://www.bilibili.com/video/BV1dFV66rEwZ,wrizedm,64.3万,215
61,初代跑男团战力排行,https://www.bilibili.com/video/BV1cmVz6DEmi,东方日出哇,116.7万,2661
61,⚡️疯 狂 的 学 妹⚡️,https://www.bilibili.com/video/BV1DWV26JERe,兔总裁s,45万,527
61,"从""健身芭比""到""女企业家""，帕梅拉有多会""赚""？",https://www.bilibili.com/video/BV1f3VU6KEqy,小Lin说,77.2万,858
61,一辈子一定要体验一次的游戏，绝对不能被剧透的神作,https://www.bilibili.com/video/BV1F9Vz62ExS,易铭小疯子,57.7万,2811
61,东北下岗三十年后，我看见了普通人的生活,https://www.bilibili.com/video/BV1iQV26cEfX,十七岁歌手想打中单,25.7万,1283
61,今天把我关于《丧尸清道夫》的创作思路分享给大家，如果能帮到你，我会很开心。,https://www.bilibili.com/video/BV1xuVC6AEbg,Mx-Shell,57.3万,460
61,你到底娶不娶我…,https://www.bilibili.com/video/BV1LLVU6eE1t,ENX叉叉酱,19.5万,290
61,我的世界杯主题曲！IShowSpeed - World Cup (Champions),https://www.bilibili.com/video/BV1jwV663EjR,ishowspeedsui,268.5万,1621
61,Oi，今天跟老舅争锋相对！！,https://www.bilibili.com/video/BV1DyVm6REs8,花小龙oy,41.9万,388
61,“本就注定等不到吗...”,https://www.bilibili.com/video/BV1JjVr6SEpu,是DollDoll,27.1万,102
61,做了一把千机伞，能变十三个形态的那种｜最强的武器一定是自制的,https://www.bilibili.com/video/BV11BVU6mEUe,o小庄o,275万,1259
61,【36氪】为什么北京上海能管好电鸡，广东深圳却管不能？,https://www.bilibili.com/video/BV1efV26xEhf,36氪,21.8万,804
61,陶勇：做近视手术，其实是“掩耳盗铃”,https://www.bilibili.com/video/BV1ZTV26cEeq,北京青年x壹次访谈录,12.2万,99
61,“超微距”下的瑞士长什么样？,https://www.bilibili.com/video/BV1vkVB6NEuR,影视飓风,120.4万,4516
61,【低成本在家实现牛排自由‼️ 】,https://www.bilibili.com/video/BV1gzVC6kE1S,村驴,51.1万,335
61,阳寿伏妖  青州篇【一口气看完八小时合集】,https://www.bilibili.com/video/BV1uAVo6yE5n,七夜不起夜z,55.2万,6675
